{
  "regime": "Neutral",
  "macro_score": 44.30741274860036,
  "technical_score": 44.28936404052969,
  "quant_score": 55.45127310636609,
  "total_score": 48.15622577066156,
  "inputs": {
    "rsi_sp500": 47.29608335369308,
    "ma_gap_sp500": -2.9245615718635696,
    "momentum_3m_sp500": -3.839165270524436,
    "momentum_12m_sp500": 16.85795040396474,
    "volatility_sp500": 18.784219948483255,
    "relative_strength_sp500_vs_kospi": -58.90266192162961,
    "adx_sp500": 58.01425026977091,
    "us10y_last": 4.313000202178955,
    "usdkrw_last": 1508.22998046875,
    "wti_last": 112.05999755859375
  }
}