{
  "regime": "Neutral",
  "macro_score": 42.35451788129757,
  "technical_score": 49.912370139334925,
  "quant_score": 52.5095293899938,
  "total_score": 48.21626172023767,
  "inputs": {
    "rsi_sp500": 23.490286525326,
    "ma_gap_sp500": -2.557733749197129,
    "momentum_3m_sp500": -8.459232425087105,
    "momentum_12m_sp500": 11.424112678849108,
    "volatility_sp500": 14.930414876710726,
    "relative_strength_sp500_vs_kospi": -51.82003019433792,
    "adx_sp500": 61.27059468875952,
    "us10y_last": 4.3420000076293945,
    "usdkrw_last": 1525.3800048828125,
    "wti_last": 105.30999755859375
  }
}