{
  "regime": "Neutral",
  "macro_score": 46.83284974267631,
  "technical_score": 43.86985801689414,
  "quant_score": 55.10137844529717,
  "total_score": 48.753074660134175,
  "inputs": {
    "rsi_sp500": 44.870286631303486,
    "ma_gap_sp500": -2.8285382879947045,
    "momentum_3m_sp500": -4.653556129854497,
    "momentum_12m_sp500": 17.168486502604317,
    "volatility_sp500": 18.79914539342856,
    "relative_strength_sp500_vs_kospi": -63.203239626614746,
    "adx_sp500": 59.83008902226897,
    "us10y_last": 4.318999767303467,
    "usdkrw_last": 1510.0799560546875,
    "wti_last": 98.08999633789062
  }
}