{
  "regime": "Neutral",
  "macro_score": 46.160764886872784,
  "technical_score": 40.81412957194076,
  "quant_score": 54.570143326358924,
  "total_score": 47.64630725172266,
  "inputs": {
    "rsi_sp500": 37.69481486665043,
    "ma_gap_sp500": -2.690418663826966,
    "momentum_3m_sp500": -5.462415353621974,
    "momentum_12m_sp500": 16.97886177012389,
    "volatility_sp500": 18.838761285929014,
    "relative_strength_sp500_vs_kospi": -60.180494557745035,
    "adx_sp500": 61.68311335595937,
    "us10y_last": 4.310999870300293,
    "usdkrw_last": 1507.5799560546875,
    "wti_last": 102.16999816894531
  }
}