{
  "regime": "Neutral",
  "macro_score": 47.64393314085495,
  "technical_score": 46.1540735791024,
  "quant_score": 58.288496580384276,
  "total_score": 50.374371646388845,
  "inputs": {
    "rsi_sp500": 28.954895935115758,
    "ma_gap_sp500": -1.0482248695051657,
    "momentum_3m_sp500": -2.8138970955455367,
    "momentum_12m_sp500": 16.732334444325335,
    "volatility_sp500": 12.933245865186121,
    "relative_strength_sp500_vs_kospi": -67.38122124465082,
    "adx_sp500": 46.20926218648246,
    "us10y_last": 4.258999824523926,
    "usdkrw_last": 1499.06005859375,
    "wti_last": 96.5199966430664
  }
}