{
  "sma20": 154.35,
  "ema20": 154.45202972626987,
  "rsi14": 95.0,
  "ma_gap_20_60": 16.47591497924788,
  "momentum_3m": 16.083916083916083,
  "volatility_20d": 10.912567887031154,
  "relative_strength_20": 3.962703962703973,
  "adx14": 76.33069158702484,
  "regime": "Neutral",
  "macro_score": 54.535714285714285,
  "technical_score": 50.2,
  "quant_score": 63.044444444444444,
  "total_score": 53.791021825396825
}